{"generatedAt":"2026-07-19T20:43:31.141Z","features":["eloLogit","eMeta","eSyn","eCounter","eLane","eTiming","eFight","eDmg","eLock"],"mean":[0.053382531046533434,0.00017936987454212188,-0.010358719864361498,0.0010931708966431522,-0.001481391585760522,0.00020310679611650507,-0.021118045923871207,0.004466019417475737,0.0039644012944983755],"std":[0.5397775994581208,0.028610281325357086,0.08155860544814238,0.08302407355437007,0.19404476652948147,0.0019100526242566073,0.28730987715822476,0.13282390821268894,0.18912357000272245],"weights":[0.9481488048324074,0.4506522769673936,-0.4166020578248363,0.16402429965708648,0.05951009364542933,0.010863650796344762,-0.007213155585590524,-0.061183119782548215,0.0578253922511812],"intercept":-0.16958174110459462,"trainN":206,"testN":52,"note":"Draft outcome model: logistic on eloLogit + draft components. Radiant perspective."}