{
  "generatedAt": "2026-07-24T13:48:05.868Z",
  "type": "logistic_regression",
  "features": [
    "eloDiff",
    "form10Diff",
    "form45Diff",
    "actDiff",
    "rustDiff"
  ],
  "halflifeDays": 90,
  "l2": 1,
  "trainedRows": 1121,
  "mean": [
    0.03595,
    0.006,
    0.00207,
    0.19411,
    0.00107
  ],
  "std": [
    0.75123,
    0.15472,
    0.14161,
    3.00364,
    0.12195
  ],
  "weights": [
    0.27626,
    0.32983,
    -0.14434,
    0.15838,
    -0.05892
  ],
  "intercept": 0.18029,
  "calibration": {
    "a": 1.41858,
    "b": -0.45327
  },
  "metrics": {
    "holdout": {
      "n": 225,
      "elo": {
        "name": "Elo",
        "acc": 0.64,
        "brier": 0.22128061301732216,
        "logloss": 0.6335276925879452
      },
      "mlRaw": {
        "name": "ML(raw)",
        "acc": 0.6222222222222222,
        "brier": 0.22485336111956528,
        "logloss": 0.6404795585857525
      },
      "mlCal": {
        "name": "ML(calibrated)",
        "acc": 0.6711111111111111,
        "brier": 0.21512950928884647,
        "logloss": 0.6191606875246138
      }
    },
    "walkForwardBrier": {
      "elo": 0.2338,
      "ml": 0.2341,
      "folds": 5
    }
  }
}