{
  "generatedAt": "2026-07-19T08:22:02.113Z",
  "type": "logistic_regression",
  "features": [
    "eloDiff",
    "form10Diff",
    "form45Diff",
    "actDiff",
    "rustDiff"
  ],
  "halflifeDays": 90,
  "l2": 1,
  "trainedRows": 1095,
  "mean": [
    0.04381,
    0.00675,
    0.00439,
    0.1989,
    0.00106
  ],
  "std": [
    0.75862,
    0.15483,
    0.14102,
    3.03877,
    0.12336
  ],
  "weights": [
    0.29691,
    0.29814,
    -0.14577,
    0.16519,
    -0.05643
  ],
  "intercept": 0.19591,
  "calibration": {
    "a": 1.76587,
    "b": -0.54347
  },
  "metrics": {
    "holdout": {
      "n": 219,
      "elo": {
        "name": "Elo",
        "acc": 0.6894977168949772,
        "brier": 0.21538454449473726,
        "logloss": 0.6215544302176171
      },
      "mlRaw": {
        "name": "ML(raw)",
        "acc": 0.6301369863013698,
        "brier": 0.22001491908083814,
        "logloss": 0.630650107993058
      },
      "mlCal": {
        "name": "ML(calibrated)",
        "acc": 0.6940639269406392,
        "brier": 0.20929974371378723,
        "logloss": 0.6072807782454691
      }
    },
    "walkForwardBrier": {
      "elo": 0.2328,
      "ml": 0.233,
      "folds": 5
    }
  }
}