{
  "generatedAt": "2026-07-18T13:19:07.687Z",
  "type": "logistic_regression",
  "features": [
    "eloDiff",
    "form10Diff",
    "form45Diff",
    "actDiff",
    "rustDiff"
  ],
  "halflifeDays": 90,
  "l2": 1,
  "trainedRows": 1446,
  "mean": [
    0.04129,
    0.00685,
    0.00247,
    0.22379,
    0.00389
  ],
  "std": [
    0.7662,
    0.15727,
    0.13735,
    3.05867,
    0.11845
  ],
  "weights": [
    0.37034,
    0.27789,
    -0.29694,
    0.20129,
    -0.04929
  ],
  "intercept": 0.19778,
  "calibration": {
    "a": 2.15095,
    "b": -0.47961
  },
  "metrics": {
    "holdout": {
      "n": 290,
      "elo": {
        "name": "Elo",
        "acc": 0.6862068965517242,
        "brier": 0.21726830751748522,
        "logloss": 0.6255576728159612
      },
      "mlRaw": {
        "name": "ML(raw)",
        "acc": 0.6310344827586207,
        "brier": 0.22663550866294008,
        "logloss": 0.6457632123644501
      },
      "mlCal": {
        "name": "ML(calibrated)",
        "acc": 0.6758620689655173,
        "brier": 0.2298102818380327,
        "logloss": 0.65230648735739
      }
    },
    "walkForwardBrier": {
      "elo": 0.2353,
      "ml": 0.2347,
      "folds": 5
    }
  }
}