{
  "generatedAt": "2026-07-18T16:42:22.019Z",
  "type": "logistic_regression",
  "features": [
    "eloDiff",
    "form10Diff",
    "form45Diff",
    "actDiff",
    "rustDiff"
  ],
  "halflifeDays": 90,
  "l2": 1,
  "trainedRows": 1117,
  "mean": [
    0.04331,
    0.00705,
    0.00402,
    0.22077,
    0.0011
  ],
  "std": [
    0.75654,
    0.15472,
    0.14099,
    3.06923,
    0.12215
  ],
  "weights": [
    0.3243,
    0.2978,
    -0.17835,
    0.16265,
    -0.05702
  ],
  "intercept": 0.19888,
  "calibration": {
    "a": 1.76735,
    "b": -0.52066
  },
  "metrics": {
    "holdout": {
      "n": 224,
      "elo": {
        "name": "Elo",
        "acc": 0.6830357142857143,
        "brier": 0.2152868503963397,
        "logloss": 0.6213868980506391
      },
      "mlRaw": {
        "name": "ML(raw)",
        "acc": 0.6294642857142857,
        "brier": 0.22072869931209055,
        "logloss": 0.6320969805039393
      },
      "mlCal": {
        "name": "ML(calibrated)",
        "acc": 0.6964285714285714,
        "brier": 0.21117333752763928,
        "logloss": 0.611443040231497
      }
    },
    "walkForwardBrier": {
      "elo": 0.233,
      "ml": 0.2339,
      "folds": 5
    }
  }
}