{
  "generatedAt": "2026-07-22T08:32:05.679Z",
  "type": "logistic_regression",
  "features": [
    "eloDiff",
    "form10Diff",
    "form45Diff",
    "actDiff",
    "rustDiff"
  ],
  "halflifeDays": 90,
  "l2": 1,
  "trainedRows": 1530,
  "mean": [
    0.03243,
    0.00532,
    0.00102,
    0.19752,
    0.00381
  ],
  "std": [
    0.7606,
    0.15438,
    0.13167,
    3.11391,
    0.11526
  ],
  "weights": [
    0.35159,
    0.2609,
    -0.27818,
    0.22877,
    -0.04557
  ],
  "intercept": 0.19973,
  "calibration": {
    "a": 1.84441,
    "b": -0.3924
  },
  "metrics": {
    "holdout": {
      "n": 306,
      "elo": {
        "name": "Elo",
        "acc": 0.6797385620915033,
        "brier": 0.2183812329594004,
        "logloss": 0.6278366651108408
      },
      "mlRaw": {
        "name": "ML(raw)",
        "acc": 0.5980392156862745,
        "brier": 0.23225297094029976,
        "logloss": 0.6575935788903943
      },
      "mlCal": {
        "name": "ML(calibrated)",
        "acc": 0.6241830065359477,
        "brier": 0.23603629868668616,
        "logloss": 0.6649454001398547
      }
    },
    "walkForwardBrier": {
      "elo": 0.2355,
      "ml": 0.235,
      "folds": 5
    }
  }
}