{
  "generatedAt": "2026-07-21T02:48:04.713Z",
  "type": "logistic_regression",
  "features": [
    "eloDiff",
    "form10Diff",
    "form45Diff",
    "actDiff",
    "rustDiff"
  ],
  "halflifeDays": 90,
  "l2": 1,
  "trainedRows": 1521,
  "mean": [
    0.03503,
    0.00597,
    0.00191,
    0.20092,
    0.00389
  ],
  "std": [
    0.76224,
    0.15456,
    0.13228,
    3.09615,
    0.11557
  ],
  "weights": [
    0.34568,
    0.26596,
    -0.27889,
    0.22197,
    -0.04489
  ],
  "intercept": 0.19417,
  "calibration": {
    "a": 1.90324,
    "b": -0.39018
  },
  "metrics": {
    "holdout": {
      "n": 305,
      "elo": {
        "name": "Elo",
        "acc": 0.6786885245901639,
        "brier": 0.2184401233285876,
        "logloss": 0.6279479968846474
      },
      "mlRaw": {
        "name": "ML(raw)",
        "acc": 0.6,
        "brier": 0.23173821280516135,
        "logloss": 0.6564275193135501
      },
      "mlCal": {
        "name": "ML(calibrated)",
        "acc": 0.6295081967213115,
        "brier": 0.23453577509513118,
        "logloss": 0.6618813417384161
      }
    },
    "walkForwardBrier": {
      "elo": 0.2355,
      "ml": 0.2352,
      "folds": 5
    }
  }
}