{
  "generatedAt": "2026-07-24T08:30:06.148Z",
  "type": "logistic_regression",
  "features": [
    "eloDiff",
    "form10Diff",
    "form45Diff",
    "actDiff",
    "rustDiff"
  ],
  "halflifeDays": 90,
  "l2": 1,
  "trainedRows": 1119,
  "mean": [
    0.03605,
    0.00594,
    0.00206,
    0.19482,
    0.00108
  ],
  "std": [
    0.7522,
    0.15479,
    0.14183,
    3.00514,
    0.12206
  ],
  "weights": [
    0.27305,
    0.33023,
    -0.13955,
    0.15887,
    -0.05918
  ],
  "intercept": 0.1836,
  "calibration": {
    "a": 1.41733,
    "b": -0.44395
  },
  "metrics": {
    "holdout": {
      "n": 224,
      "elo": {
        "name": "Elo",
        "acc": 0.6428571428571429,
        "brier": 0.22083331625902755,
        "logloss": 0.6326250164982506
      },
      "mlRaw": {
        "name": "ML(raw)",
        "acc": 0.6294642857142857,
        "brier": 0.22377633801391333,
        "logloss": 0.6383015906138814
      },
      "mlCal": {
        "name": "ML(calibrated)",
        "acc": 0.6741071428571429,
        "brier": 0.21469359945737665,
        "logloss": 0.6182583952177662
      }
    },
    "walkForwardBrier": {
      "elo": 0.2337,
      "ml": 0.234,
      "folds": 5
    }
  }
}