{
  "generatedAt": "2026-07-20T19:46:01.593Z",
  "type": "logistic_regression",
  "features": [
    "eloDiff",
    "form10Diff",
    "form45Diff",
    "actDiff",
    "rustDiff"
  ],
  "halflifeDays": 90,
  "l2": 1,
  "trainedRows": 1101,
  "mean": [
    0.03871,
    0.00608,
    0.00334,
    0.20236,
    0.00111
  ],
  "std": [
    0.75431,
    0.15448,
    0.14017,
    3.0278,
    0.12305
  ],
  "weights": [
    0.28829,
    0.32026,
    -0.15902,
    0.16767,
    -0.05784
  ],
  "intercept": 0.1967,
  "calibration": {
    "a": 1.63443,
    "b": -0.52299
  },
  "metrics": {
    "holdout": {
      "n": 221,
      "elo": {
        "name": "Elo",
        "acc": 0.6742081447963801,
        "brier": 0.21632281443083262,
        "logloss": 0.6234142368089253
      },
      "mlRaw": {
        "name": "ML(raw)",
        "acc": 0.6244343891402715,
        "brier": 0.22223880629283896,
        "logloss": 0.6351647975499428
      },
      "mlCal": {
        "name": "ML(calibrated)",
        "acc": 0.6832579185520362,
        "brier": 0.20947395061713958,
        "logloss": 0.6069155779331603
      }
    },
    "walkForwardBrier": {
      "elo": 0.2328,
      "ml": 0.2333,
      "folds": 5
    }
  }
}