{
  "generatedAt": "2026-07-18T11:56:08.129Z",
  "type": "logistic_regression",
  "features": [
    "eloDiff",
    "form10Diff",
    "form45Diff",
    "actDiff",
    "rustDiff"
  ],
  "halflifeDays": 90,
  "l2": 1,
  "trainedRows": 2259,
  "mean": [
    0.00633,
    0.00114,
    -0.00115,
    0.1112,
    0.00685
  ],
  "std": [
    0.85998,
    0.15782,
    0.13768,
    3.61917,
    0.14787
  ],
  "weights": [
    0.47153,
    0.17247,
    -0.2635,
    0.19532,
    0.0246
  ],
  "intercept": 0.16859,
  "calibration": {
    "a": 1.95346,
    "b": -0.45771
  },
  "metrics": {
    "holdout": {
      "n": 452,
      "elo": {
        "name": "Elo",
        "acc": 0.6482300884955752,
        "brier": 0.22539145522195517,
        "logloss": 0.6422467515062312
      },
      "mlRaw": {
        "name": "ML(raw)",
        "acc": 0.6061946902654868,
        "brier": 0.23035258766107947,
        "logloss": 0.6529319764914565
      },
      "mlCal": {
        "name": "ML(calibrated)",
        "acc": 0.5929203539823009,
        "brier": 0.23467631441326464,
        "logloss": 0.6618276567863509
      }
    },
    "walkForwardBrier": {
      "elo": 0.2345,
      "ml": 0.2348,
      "folds": 5
    }
  }
}