{
  "generatedAt": "2026-07-20T14:09:02.751Z",
  "type": "logistic_regression",
  "features": [
    "eloDiff",
    "form10Diff",
    "form45Diff",
    "actDiff",
    "rustDiff"
  ],
  "halflifeDays": 90,
  "l2": 1,
  "trainedRows": 1099,
  "mean": [
    0.03914,
    0.00615,
    0.00345,
    0.20255,
    0.00105
  ],
  "std": [
    0.75535,
    0.15459,
    0.14027,
    3.03251,
    0.12314
  ],
  "weights": [
    0.28661,
    0.31844,
    -0.15245,
    0.16667,
    -0.05712
  ],
  "intercept": 0.2009,
  "calibration": {
    "a": 1.65287,
    "b": -0.55673
  },
  "metrics": {
    "holdout": {
      "n": 220,
      "elo": {
        "name": "Elo",
        "acc": 0.6772727272727272,
        "brier": 0.2159551165132378,
        "logloss": 0.6226657665119747
      },
      "mlRaw": {
        "name": "ML(raw)",
        "acc": 0.6272727272727273,
        "brier": 0.22183421229074085,
        "logloss": 0.6343624572622536
      },
      "mlCal": {
        "name": "ML(calibrated)",
        "acc": 0.6909090909090909,
        "brier": 0.20852054295324093,
        "logloss": 0.6051058920919652
      }
    },
    "walkForwardBrier": {
      "elo": 0.2328,
      "ml": 0.2334,
      "folds": 5
    }
  }
}