{
  "generatedAt": "2026-07-18T19:01:33.112Z",
  "type": "logistic_regression",
  "features": [
    "eloDiff",
    "form10Diff",
    "form45Diff",
    "actDiff",
    "rustDiff"
  ],
  "halflifeDays": 90,
  "l2": 1,
  "trainedRows": 1118,
  "mean": [
    0.04285,
    0.00699,
    0.00402,
    0.21843,
    0.0011
  ],
  "std": [
    0.75636,
    0.15467,
    0.14093,
    3.06886,
    0.1221
  ],
  "weights": [
    0.32769,
    0.29597,
    -0.18014,
    0.16091,
    -0.0569
  ],
  "intercept": 0.19484,
  "calibration": {
    "a": 1.72681,
    "b": -0.47009
  },
  "metrics": {
    "holdout": {
      "n": 224,
      "elo": {
        "name": "Elo",
        "acc": 0.6785714285714286,
        "brier": 0.21625743401126193,
        "logloss": 0.6233844069735875
      },
      "mlRaw": {
        "name": "ML(raw)",
        "acc": 0.625,
        "brier": 0.22188365652419093,
        "logloss": 0.6345795655382133
      },
      "mlCal": {
        "name": "ML(calibrated)",
        "acc": 0.6919642857142857,
        "brier": 0.21230394325727617,
        "logloss": 0.6137255528294882
      }
    },
    "walkForwardBrier": {
      "elo": 0.2331,
      "ml": 0.2338,
      "folds": 5
    }
  }
}