{
  "generatedAt": "2026-07-18T02:36:02.410Z",
  "type": "logistic_regression",
  "features": [
    "eloDiff",
    "form10Diff",
    "form45Diff",
    "actDiff",
    "rustDiff"
  ],
  "halflifeDays": 90,
  "l2": 1,
  "trainedRows": 1091,
  "mean": [
    0.04526,
    0.00689,
    0.00428,
    0.21338,
    0.0011
  ],
  "std": [
    0.75962,
    0.15507,
    0.14139,
    3.05272,
    0.12359
  ],
  "weights": [
    0.29909,
    0.29971,
    -0.14793,
    0.16785,
    -0.05661
  ],
  "intercept": 0.1933,
  "calibration": {
    "a": 1.79374,
    "b": -0.53443
  },
  "metrics": {
    "holdout": {
      "n": 219,
      "elo": {
        "name": "Elo",
        "acc": 0.684931506849315,
        "brier": 0.21605379337967776,
        "logloss": 0.623031512005634
      },
      "mlRaw": {
        "name": "ML(raw)",
        "acc": 0.634703196347032,
        "brier": 0.2218013190410404,
        "logloss": 0.6344761377663906
      },
      "mlCal": {
        "name": "ML(calibrated)",
        "acc": 0.6894977168949772,
        "brier": 0.21020876463452665,
        "logloss": 0.6092633929832088
      }
    },
    "walkForwardBrier": {
      "elo": 0.2327,
      "ml": 0.233,
      "folds": 5
    }
  }
}