{
  "generatedAt": "2026-07-22T19:23:05.889Z",
  "type": "logistic_regression",
  "features": [
    "eloDiff",
    "form10Diff",
    "form45Diff",
    "actDiff",
    "rustDiff"
  ],
  "halflifeDays": 90,
  "l2": 1,
  "trainedRows": 1436,
  "mean": [
    0.03389,
    0.00439,
    0.00075,
    0.20097,
    0.0037
  ],
  "std": [
    0.76126,
    0.15635,
    0.13777,
    3.03765,
    0.11853
  ],
  "weights": [
    0.4266,
    0.26721,
    -0.31111,
    0.17882,
    -0.0492
  ],
  "intercept": 0.18177,
  "calibration": {
    "a": 1.70793,
    "b": -0.29767
  },
  "metrics": {
    "holdout": {
      "n": 288,
      "elo": {
        "name": "Elo",
        "acc": 0.6666666666666666,
        "brier": 0.22018844639320995,
        "logloss": 0.6314305978126564
      },
      "mlRaw": {
        "name": "ML(raw)",
        "acc": 0.6006944444444444,
        "brier": 0.2279333987278399,
        "logloss": 0.6469388996209048
      },
      "mlCal": {
        "name": "ML(calibrated)",
        "acc": 0.6631944444444444,
        "brier": 0.22393471716873015,
        "logloss": 0.638876931858126
      }
    },
    "walkForwardBrier": {
      "elo": 0.2347,
      "ml": 0.2336,
      "folds": 5
    }
  }
}