{
  "generatedAt": "2026-07-19T02:51:05.510Z",
  "type": "logistic_regression",
  "features": [
    "eloDiff",
    "form10Diff",
    "form45Diff",
    "actDiff",
    "rustDiff"
  ],
  "halflifeDays": 90,
  "l2": 1,
  "trainedRows": 2261,
  "mean": [
    0.00687,
    0.00136,
    -0.00084,
    0.10783,
    0.00685
  ],
  "std": [
    0.85856,
    0.15754,
    0.13715,
    3.61577,
    0.1478
  ],
  "weights": [
    0.47399,
    0.17676,
    -0.2637,
    0.19392,
    0.02471
  ],
  "intercept": 0.16369,
  "calibration": {
    "a": 1.8534,
    "b": -0.39826
  },
  "metrics": {
    "holdout": {
      "n": 453,
      "elo": {
        "name": "Elo",
        "acc": 0.6445916114790287,
        "brier": 0.22576930702401593,
        "logloss": 0.6430023470978725
      },
      "mlRaw": {
        "name": "ML(raw)",
        "acc": 0.6070640176600441,
        "brier": 0.23020813931188164,
        "logloss": 0.65261963971827
      },
      "mlCal": {
        "name": "ML(calibrated)",
        "acc": 0.5894039735099338,
        "brier": 0.2351227328087923,
        "logloss": 0.6627274120149624
      }
    },
    "walkForwardBrier": {
      "elo": 0.2345,
      "ml": 0.2345,
      "folds": 5
    }
  }
}