{
  "generatedAt": "2026-07-19T20:22:17.852Z",
  "type": "logistic_regression",
  "features": [
    "eloDiff",
    "form10Diff",
    "form45Diff",
    "actDiff",
    "rustDiff"
  ],
  "halflifeDays": 90,
  "l2": 1,
  "trainedRows": 1124,
  "mean": [
    0.04069,
    0.00676,
    0.00381,
    0.21797,
    0.0011
  ],
  "std": [
    0.75625,
    0.15449,
    0.14073,
    3.06257,
    0.12177
  ],
  "weights": [
    0.33023,
    0.29538,
    -0.18345,
    0.16029,
    -0.05617
  ],
  "intercept": 0.20265,
  "calibration": {
    "a": 1.69365,
    "b": -0.51583
  },
  "metrics": {
    "holdout": {
      "n": 225,
      "elo": {
        "name": "Elo",
        "acc": 0.6844444444444444,
        "brier": 0.21476686551302013,
        "logloss": 0.6202078995127472
      },
      "mlRaw": {
        "name": "ML(raw)",
        "acc": 0.6222222222222222,
        "brier": 0.22029460619599345,
        "logloss": 0.6310620469521824
      },
      "mlCal": {
        "name": "ML(calibrated)",
        "acc": 0.6488888888888888,
        "brier": 0.21471442962338752,
        "logloss": 0.6192752946702612
      }
    },
    "walkForwardBrier": {
      "elo": 0.2329,
      "ml": 0.2327,
      "folds": 5
    }
  }
}