{
  "generatedAt": "2026-07-22T13:59:07.975Z",
  "type": "logistic_regression",
  "features": [
    "eloDiff",
    "form10Diff",
    "form45Diff",
    "actDiff",
    "rustDiff"
  ],
  "halflifeDays": 90,
  "l2": 1,
  "trainedRows": 1808,
  "mean": [
    0.01513,
    0.00322,
    -0.00033,
    0.08772,
    0.00514
  ],
  "std": [
    0.81091,
    0.15845,
    0.14019,
    3.51005,
    0.1291
  ],
  "weights": [
    0.31444,
    0.24915,
    -0.22861,
    0.2695,
    -0.03011
  ],
  "intercept": 0.17788,
  "calibration": {
    "a": 1.79586,
    "b": -0.42889
  },
  "metrics": {
    "holdout": {
      "n": 362,
      "elo": {
        "name": "Elo",
        "acc": 0.6685082872928176,
        "brier": 0.22096813147748642,
        "logloss": 0.6332026476720906
      },
      "mlRaw": {
        "name": "ML(raw)",
        "acc": 0.6215469613259669,
        "brier": 0.22863347103943607,
        "logloss": 0.6490995280471394
      },
      "mlCal": {
        "name": "ML(calibrated)",
        "acc": 0.6049723756906077,
        "brier": 0.23669066709728742,
        "logloss": 0.6662241351665219
      }
    },
    "walkForwardBrier": {
      "elo": 0.235,
      "ml": 0.2349,
      "folds": 5
    }
  }
}