{
  "generatedAt": "2026-07-22T02:45:22.619Z",
  "type": "logistic_regression",
  "features": [
    "eloDiff",
    "form10Diff",
    "form45Diff",
    "actDiff",
    "rustDiff"
  ],
  "halflifeDays": 90,
  "l2": 1,
  "trainedRows": 1104,
  "mean": [
    0.03919,
    0.0062,
    0.00326,
    0.20018,
    0.00112
  ],
  "std": [
    0.75339,
    0.15431,
    0.14001,
    3.02397,
    0.12288
  ],
  "weights": [
    0.29025,
    0.31127,
    -0.16308,
    0.16613,
    -0.05696
  ],
  "intercept": 0.20009,
  "calibration": {
    "a": 1.74421,
    "b": -0.56538
  },
  "metrics": {
    "holdout": {
      "n": 221,
      "elo": {
        "name": "Elo",
        "acc": 0.665158371040724,
        "brier": 0.2172407670854578,
        "logloss": 0.6252635278167983
      },
      "mlRaw": {
        "name": "ML(raw)",
        "acc": 0.6199095022624435,
        "brier": 0.22318622712865038,
        "logloss": 0.6371477541364928
      },
      "mlCal": {
        "name": "ML(calibrated)",
        "acc": 0.6787330316742082,
        "brier": 0.21075575476443062,
        "logloss": 0.6097208294796579
      }
    },
    "walkForwardBrier": {
      "elo": 0.2329,
      "ml": 0.2336,
      "folds": 5
    }
  }
}