{
  "generatedAt": "2026-07-19T13:21:07.615Z",
  "type": "logistic_regression",
  "features": [
    "eloDiff",
    "form10Diff",
    "form45Diff",
    "actDiff",
    "rustDiff"
  ],
  "halflifeDays": 90,
  "l2": 1,
  "trainedRows": 2080,
  "mean": [
    -0.00032,
    0.00085,
    -0.00272,
    0.06875,
    0.00752
  ],
  "std": [
    0.86091,
    0.15881,
    0.13928,
    3.67726,
    0.14483
  ],
  "weights": [
    0.42698,
    0.19625,
    -0.26429,
    0.23857,
    -0.0049
  ],
  "intercept": 0.1589,
  "calibration": {
    "a": 1.94893,
    "b": -0.44274
  },
  "metrics": {
    "holdout": {
      "n": 416,
      "elo": {
        "name": "Elo",
        "acc": 0.65625,
        "brier": 0.22297811871001785,
        "logloss": 0.6373133906324899
      },
      "mlRaw": {
        "name": "ML(raw)",
        "acc": 0.6033653846153846,
        "brier": 0.23122309829043658,
        "logloss": 0.655182633221732
      },
      "mlCal": {
        "name": "ML(calibrated)",
        "acc": 0.5865384615384616,
        "brier": 0.23715783787855643,
        "logloss": 0.667100357468086
      }
    },
    "walkForwardBrier": {
      "elo": 0.2359,
      "ml": 0.237,
      "folds": 5
    }
  }
}