{
  "generatedAt": "2026-07-24T02:47:11.359Z",
  "type": "logistic_regression",
  "features": [
    "eloDiff",
    "form10Diff",
    "form45Diff",
    "actDiff",
    "rustDiff"
  ],
  "halflifeDays": 90,
  "l2": 1,
  "trainedRows": 2274,
  "mean": [
    0.00364,
    0.00127,
    -0.00193,
    0.09675,
    0.00656
  ],
  "std": [
    0.85925,
    0.15757,
    0.13857,
    3.59594,
    0.145
  ],
  "weights": [
    0.45679,
    0.18339,
    -0.25229,
    0.20309,
    0.00577
  ],
  "intercept": 0.16766,
  "calibration": {
    "a": 1.78417,
    "b": -0.41281
  },
  "metrics": {
    "holdout": {
      "n": 455,
      "elo": {
        "name": "Elo",
        "acc": 0.6461538461538462,
        "brier": 0.2263883907599225,
        "logloss": 0.6443092667278996
      },
      "mlRaw": {
        "name": "ML(raw)",
        "acc": 0.6087912087912087,
        "brier": 0.23219352129040807,
        "logloss": 0.6567367529492915
      },
      "mlCal": {
        "name": "ML(calibrated)",
        "acc": 0.5802197802197803,
        "brier": 0.23551261262518008,
        "logloss": 0.6635299350731922
      }
    },
    "walkForwardBrier": {
      "elo": 0.2351,
      "ml": 0.2356,
      "folds": 5
    }
  }
}