{
  "generatedAt": "2026-07-20T09:17:32.559Z",
  "type": "logistic_regression",
  "features": [
    "eloDiff",
    "form10Diff",
    "form45Diff",
    "actDiff",
    "rustDiff"
  ],
  "halflifeDays": 90,
  "l2": 1,
  "trainedRows": 1099,
  "mean": [
    0.03919,
    0.00615,
    0.00341,
    0.20237,
    0.00105
  ],
  "std": [
    0.75588,
    0.15464,
    0.14039,
    3.03488,
    0.12314
  ],
  "weights": [
    0.28745,
    0.31641,
    -0.15171,
    0.16569,
    -0.05614
  ],
  "intercept": 0.20088,
  "calibration": {
    "a": 1.65628,
    "b": -0.55748
  },
  "metrics": {
    "holdout": {
      "n": 220,
      "elo": {
        "name": "Elo",
        "acc": 0.6772727272727272,
        "brier": 0.2159768580707412,
        "logloss": 0.6227134140393057
      },
      "mlRaw": {
        "name": "ML(raw)",
        "acc": 0.6272727272727273,
        "brier": 0.22182471101290382,
        "logloss": 0.634339044235702
      },
      "mlCal": {
        "name": "ML(calibrated)",
        "acc": 0.6954545454545454,
        "brier": 0.20873838639238992,
        "logloss": 0.6056166148017516
      }
    },
    "walkForwardBrier": {
      "elo": 0.2328,
      "ml": 0.2336,
      "folds": 5
    }
  }
}