{
  "generatedAt": "2026-07-23T02:51:06.987Z",
  "type": "logistic_regression",
  "features": [
    "eloDiff",
    "form10Diff",
    "form45Diff",
    "actDiff",
    "rustDiff"
  ],
  "halflifeDays": 90,
  "l2": 1,
  "trainedRows": 1109,
  "mean": [
    0.03721,
    0.00589,
    0.00247,
    0.1908,
    0.00114
  ],
  "std": [
    0.75416,
    0.15418,
    0.14146,
    3.01407,
    0.12261
  ],
  "weights": [
    0.30724,
    0.30474,
    -0.16998,
    0.15365,
    -0.0567
  ],
  "intercept": 0.183,
  "calibration": {
    "a": 1.70563,
    "b": -0.51313
  },
  "metrics": {
    "holdout": {
      "n": 222,
      "elo": {
        "name": "Elo",
        "acc": 0.6621621621621622,
        "brier": 0.21879785917051958,
        "logloss": 0.6284688796244744
      },
      "mlRaw": {
        "name": "ML(raw)",
        "acc": 0.6306306306306306,
        "brier": 0.22241951962733938,
        "logloss": 0.6355754199712336
      },
      "mlCal": {
        "name": "ML(calibrated)",
        "acc": 0.6846846846846847,
        "brier": 0.21292258749878604,
        "logloss": 0.6143819605722715
      }
    },
    "walkForwardBrier": {
      "elo": 0.2332,
      "ml": 0.2333,
      "folds": 5
    }
  }
}