{
  "generatedAt": "2026-07-18T07:54:09.022Z",
  "type": "logistic_regression",
  "features": [
    "eloDiff",
    "form10Diff",
    "form45Diff",
    "actDiff",
    "rustDiff"
  ],
  "halflifeDays": 90,
  "l2": 1,
  "trainedRows": 2259,
  "mean": [
    0.00704,
    0.00131,
    -0.00106,
    0.11129,
    0.00688
  ],
  "std": [
    0.86042,
    0.15801,
    0.13778,
    3.6191,
    0.14787
  ],
  "weights": [
    0.4767,
    0.16608,
    -0.26567,
    0.19375,
    0.02435
  ],
  "intercept": 0.16583,
  "calibration": {
    "a": 1.95663,
    "b": -0.44192
  },
  "metrics": {
    "holdout": {
      "n": 452,
      "elo": {
        "name": "Elo",
        "acc": 0.6504424778761062,
        "brier": 0.22540186956777905,
        "logloss": 0.6422705104013843
      },
      "mlRaw": {
        "name": "ML(raw)",
        "acc": 0.6061946902654868,
        "brier": 0.2300947489289072,
        "logloss": 0.6523943091188596
      },
      "mlCal": {
        "name": "ML(calibrated)",
        "acc": 0.5951327433628318,
        "brier": 0.23498367521050123,
        "logloss": 0.6624661488860456
      }
    },
    "walkForwardBrier": {
      "elo": 0.2346,
      "ml": 0.2349,
      "folds": 5
    }
  }
}