{
  "generatedAt": "2026-07-19T19:09:03.539Z",
  "type": "logistic_regression",
  "features": [
    "eloDiff",
    "form10Diff",
    "form45Diff",
    "actDiff",
    "rustDiff"
  ],
  "halflifeDays": 90,
  "l2": 1,
  "trainedRows": 1100,
  "mean": [
    0.04045,
    0.0064,
    0.00379,
    0.20055,
    0.00105
  ],
  "std": [
    0.75701,
    0.15467,
    0.14053,
    3.03348,
    0.12308
  ],
  "weights": [
    0.28219,
    0.31638,
    -0.14215,
    0.16567,
    -0.05674
  ],
  "intercept": 0.20259,
  "calibration": {
    "a": 1.6464,
    "b": -0.55798
  },
  "metrics": {
    "holdout": {
      "n": 220,
      "elo": {
        "name": "Elo",
        "acc": 0.6818181818181818,
        "brier": 0.21598406140415544,
        "logloss": 0.6227279366661796
      },
      "mlRaw": {
        "name": "ML(raw)",
        "acc": 0.6227272727272727,
        "brier": 0.2217138815337232,
        "logloss": 0.634113885938814
      },
      "mlCal": {
        "name": "ML(calibrated)",
        "acc": 0.6954545454545454,
        "brier": 0.208474372239068,
        "logloss": 0.6050719357265176
      }
    },
    "walkForwardBrier": {
      "elo": 0.2328,
      "ml": 0.2332,
      "folds": 5
    }
  }
}