{
  "generatedAt": "2026-07-23T19:20:32.924Z",
  "type": "logistic_regression",
  "features": [
    "eloDiff",
    "form10Diff",
    "form45Diff",
    "actDiff",
    "rustDiff"
  ],
  "halflifeDays": 90,
  "l2": 1,
  "trainedRows": 1114,
  "mean": [
    0.03549,
    0.00531,
    0.00187,
    0.19084,
    0.0011
  ],
  "std": [
    0.75377,
    0.15443,
    0.14214,
    3.00887,
    0.12234
  ],
  "weights": [
    0.28949,
    0.31755,
    -0.15958,
    0.15686,
    -0.05784
  ],
  "intercept": 0.18738,
  "calibration": {
    "a": 1.61054,
    "b": -0.53178
  },
  "metrics": {
    "holdout": {
      "n": 223,
      "elo": {
        "name": "Elo",
        "acc": 0.6547085201793722,
        "brier": 0.2196597302521979,
        "logloss": 0.6302537335387389
      },
      "mlRaw": {
        "name": "ML(raw)",
        "acc": 0.6233183856502242,
        "brier": 0.22283006279223605,
        "logloss": 0.6363493401075337
      },
      "mlCal": {
        "name": "ML(calibrated)",
        "acc": 0.6860986547085202,
        "brier": 0.21338404857009674,
        "logloss": 0.6155973373805464
      }
    },
    "walkForwardBrier": {
      "elo": 0.2332,
      "ml": 0.2332,
      "folds": 5
    }
  }
}